<root>
  <facet id="jst.web.jstl"/>
  <facet id="jpt.jpa">
    <node name="libprov">
      <attribute name="config-id" value="jpa.me_hibernate_4_1"/>
      <attribute name="copy-tlds" value="true"/>
      <attribute name="provider-id" value="me-jpa-library-provider"/>
      <attribute name="version-id" value="4.1"/>
    </node>
  </facet>
  <facet id="java"/>
  <facet id="jst.web"/>
  <facet id="wst.jsdt.web"/>
  <facet id="jst.jaxrs">
    <node name="libprov">
      <attribute name="config-id" value="jst.jaxrs_1.1"/>
      <attribute name="copy-tlds" value="true"/>
      <attribute name="provider-id" value="me-jaxrs-library-provider"/>
      <attribute name="version-id" value="jersey_1.1"/>
    </node>
  </facet>
</root>
